Movie Name,Duration,IMdb rating,Rating,Description,Votes,Poster,Month of Release
1. Monsoon Express,2h 21m,7.8,12K,"A retired train driver and his granddaughter race across Kerala during the monsoon to deliver a letter before a village is flooded.",12K,,January
2. Code of Silence,2h 5m,6.9,8.4K,"A young software engineer in Chennai discovers that her startup's app is secretly tracking users and must decide whether to blow the whistle.",8.4K,,February
3. The Last Kabaddi Match,2h 30m,8.1,21K,"An underdog village kabaddi team trains under a strict former champion to win the state tournament and save their school ground.",21K,,March
4. Midnight in Madurai,2h 12m,7.2,5.1K,"A detective investigates a series of temple jewellery thefts that all happen during festival nights.",5.1K,,April
5. Robot Ravi,1h 58m,6.4,3.3K,"A lonely boy builds a robot from scrap parts and the robot accidentally becomes a cricket coach for the local team.",3.3K,,May
6. Salt and Sea,2h 18m,7.9,9.9K,"A family of fishermen fights a powerful company that wants to turn their beach into a private port.",9.9K,,June
7. Ghost Hostel,2h 2m,5.8,2.7K,"Engineering students move into a cheap hostel and find that the previous tenant, a friendly ghost, wants help passing his exams.",2.7K,,July
8. Spice Route,2h 40m,8.3,30K,"An epic historical drama about traders who carry pepper and cardamom across the sea and the rivalry between two port cities.",30K,,August
9. Love in Bytes,2h 8m,6.6,4.2K,"Two developers who hate each other on an online forum unknowingly fall in love while working at the same company.",4.2K,,September
10. The Silent Heist,2h 15m,7.5,15K,"A team of retired bank employees plans a careful robbery of the bank that cheated them out of their pensions.",15K,,October
11. Mountain Doctor,2h 26m,8.0,11K,"A city doctor moves to a remote hill village with no hospital and slowly earns the trust of the people.",11K,,November
12. Neon Racers,1h 55m,5.9,6.1K,"Street racers in a futuristic city compete in illegal night races while a police officer goes undercover among them.",6.1K,,December
13. Grandma's Kitchen,1h 50m,7.7,7.3K,"A cooking competition brings together a grandmother and her estranged grandson, who must cook together to win.",7.3K,,January
14. Red Planet Diaries,2h 33m,7.4,18K,"Astronauts on the first crewed mission to Mars lose contact with Earth and must survive with failing equipment.",18K,,March
15. The Chess Prodigy,2h 10m,8.2,14K,"A ten-year-old girl from a small town becomes a chess grandmaster while her father struggles to pay for tournaments.",14K,,May
16. Thunder Valley,2h 37m,6.8,25K,"A village blacksmith takes on a gang of smugglers that controls the valley, leading to a massive action-packed showdown.",25K,,August
